"Marvel 6"" Legends Series Energized Emissaries: Captain Britain";https://s3-eu-west-1.amazonaws.com/forestadmin-test/livedemo/c9d7bf17-dfa1-4117-ac57-7ceff93f8c3b_1.a76ad952fdaf058aac8334e6f1dbbba0.jpeg?odnWidth=180&odnHeight=180&odnBg=ffffff;https://s3-eu-west-1.amazonaws.com/forestadmin-test/livedemo/c9d7bf17-dfa1-4117-ac57-7ceff93f8c3b_1.a76ad952fdaf058aac8334e6f1dbbba0.jpeg?odnWidth=180&odnHeight=180&odnBg=ffffff
DC Comics Multiverse Justice League Batman;https://s3-eu-west-1.amazonaws.com/forestadmin-test/livedemo/be00a108-b7db-49f6-b8a7-a10817569061_1.18923e67eb9a7286a6b0d9dd5a4c8b59.jpeg?odnWidth=180&odnHeight=180&odnBg=ffffff;https://s3-eu-west-1.amazonaws.com/forestadmin-test/livedemo/be00a108-b7db-49f6-b8a7-a10817569061_1.18923e67eb9a7286a6b0d9dd5a4c8b59.jpeg?odnWidth=180&odnHeight=180&odnBg=ffffff
Transformers Generations Titans Return Titan Class Trypticon;https://s3-eu-west-1.amazonaws.com/forestadmin-test/livedemo/042f8719-a738-4ef2-a478-90b0e17b4847_1.44ca7e116b652d6d1848893e8e6c1dda.jpeg?odnWidth=180&odnHeight=180&odnBg=ffffff;https://s3-eu-west-1.amazonaws.com/forestadmin-test/livedemo/042f8719-a738-4ef2-a478-90b0e17b4847_1.44ca7e116b652d6d1848893e8e6c1dda.jpeg?odnWidth=180&odnHeight=180&odnBg=ffffff
Marvel Titan Hero Series Marvel’s Falcon Electronic Figure;https://s3-eu-west-1.amazonaws.com/forestadmin-test/livedemo/14a48161-2c95-46a7-acb0-76746a360dce_1.fddc73f212ced49388970467422a1ddc.jpeg?odnWidth=180&odnHeight=180&odnBg=ffffff;https://s3-eu-west-1.amazonaws.com/forestadmin-test/livedemo/14a48161-2c95-46a7-acb0-76746a360dce_1.fddc73f212ced49388970467422a1ddc.jpeg?odnWidth=180&odnHeight=180&odnBg=ffffff
Imaginext DC Super Friends Batman Batbot Xtreme;https://s3-eu-west-1.amazonaws.com/forestadmin-test/livedemo/5d50b41b-ac25-4813-90da-6cac57ac933a_1.c2f2c07f90fdfa37c56b89f8b0beb64c.jpeg?odnWidth=180&odnHeight=180&odnBg=ffffff;https://s3-eu-west-1.amazonaws.com/forestadmin-test/livedemo/5d50b41b-ac25-4813-90da-6cac57ac933a_1.c2f2c07f90fdfa37c56b89f8b0beb64c.jpeg?odnWidth=180&odnHeight=180&odnBg=ffffff
Mario Bros U Plush Falco Lombardi;https://s3-eu-west-1.amazonaws.com/forestadmin-test/livedemo/ae0f5acf-40cb-4aa1-885d-8876f4ed6efd_1.3d4167cc37a363a47de6ae5ce9d76f09.jpeg?odnWidth=180&odnHeight=180&odnBg=ffffff;https://s3-eu-west-1.amazonaws.com/forestadmin-test/livedemo/ae0f5acf-40cb-4aa1-885d-8876f4ed6efd_1.3d4167cc37a363a47de6ae5ce9d76f09.jpeg?odnWidth=180&odnHeight=180&odnBg=ffffff
"DreamWorks Dragons Action Dragon 8"" Plush, Deadly Nadder";https://s3-eu-west-1.amazonaws.com/forestadmin-test/livedemo/05986eeb-2ac7-4781-b6ec-7653491c0b84_1.d90a1fd202c65f263514b024ff5a3ab2.jpeg?odnWidth=180&odnHeight=180&odnBg=ffffff;https://s3-eu-west-1.amazonaws.com/forestadmin-test/livedemo/05986eeb-2ac7-4781-b6ec-7653491c0b84_1.d90a1fd202c65f263514b024ff5a3ab2.jpeg?odnWidth=180&odnHeight=180&odnBg=ffffff
"Star Wars The Black Series 6"" First Order Flametrooper";https://s3-eu-west-1.amazonaws.com/forestadmin-test/livedemo/e45dce67-d9ab-4e4d-9a36-45be6948c881_1.d07c8cefc61d23e28b19bd40cd23ecff.jpeg?odnWidth=180&odnHeight=180&odnBg=ffffff;https://s3-eu-west-1.amazonaws.com/forestadmin-test/livedemo/e45dce67-d9ab-4e4d-9a36-45be6948c881_1.d07c8cefc61d23e28b19bd40cd23ecff.jpeg?odnWidth=180&odnHeight=180&odnBg=ffffff
"Star Wars The Black Series 6"" First Order Snowtrooper";https://s3-eu-west-1.amazonaws.com/forestadmin-test/livedemo/94a4a6e8-002f-4c82-843a-edbe644701d0_1.2961a264bfbbef444539f1007e6961e3.jpeg?odnWidth=180&odnHeight=180&odnBg=ffffff;https://s3-eu-west-1.amazonaws.com/forestadmin-test/livedemo/94a4a6e8-002f-4c82-843a-edbe644701d0_1.2961a264bfbbef444539f1007e6961e3.jpeg?odnWidth=180&odnHeight=180&odnBg=ffffff
"Marvel Legends Series 3.75"" Black Panther";https://s3-eu-west-1.amazonaws.com/forestadmin-test/livedemo/bc1462b9-14f9-448b-9029-fcde18d7e64d_1.c8b7a59834fecb1f91912ab3522fa688.jpeg?odnWidth=180&odnHeight=180&odnBg=ffffff;https://s3-eu-west-1.amazonaws.com/forestadmin-test/livedemo/bc1462b9-14f9-448b-9029-fcde18d7e64d_1.c8b7a59834fecb1f91912ab3522fa688.jpeg?odnWidth=180&odnHeight=180&odnBg=ffffff
Marvel Titan Hero Series Avengers 4-Pack;https://s3-eu-west-1.amazonaws.com/forestadmin-test/livedemo/7637ed3a-9046-417b-bff1-5a2deb0d7be0_1.0c2371cf3af37a8bca564e373ac167af.jpeg?odnWidth=180&odnHeight=180&odnBg=ffffff;https://s3-eu-west-1.amazonaws.com/forestadmin-test/livedemo/7637ed3a-9046-417b-bff1-5a2deb0d7be0_1.0c2371cf3af37a8bca564e373ac167af.jpeg?odnWidth=180&odnHeight=180&odnBg=ffffff
Star Wars The Black Series 40th Anniversary Legacy Pack;https://s3-eu-west-1.amazonaws.com/forestadmin-test/livedemo/5f0b09f8-8afc-4eba-ae76-f8eea6c1e582_1.a1d6f5c20a2b911c566108e506a99e81.jpeg?odnWidth=180&odnHeight=180&odnBg=ffffff;https://s3-eu-west-1.amazonaws.com/forestadmin-test/livedemo/5f0b09f8-8afc-4eba-ae76-f8eea6c1e582_1.a1d6f5c20a2b911c566108e506a99e81.jpeg?odnWidth=180&odnHeight=180&odnBg=ffffff
Star Wars The Black Series The Force Awakens Kylo Ren Unmasked;https://s3-eu-west-1.amazonaws.com/forestadmin-test/livedemo/d8960e35-7b03-4cdb-a612-b6921dccd787_1.8a4981857fcac6afb755d9e89adb4e91.jpeg?odnWidth=180&odnHeight=180&odnBg=ffffff;https://s3-eu-west-1.amazonaws.com/forestadmin-test/livedemo/d8960e35-7b03-4cdb-a612-b6921dccd787_1.8a4981857fcac6afb755d9e89adb4e91.jpeg?odnWidth=180&odnHeight=180&odnBg=ffffff
Star Wars Black Series Rebels Ahsoka Tano;https://s3-eu-west-1.amazonaws.com/forestadmin-test/livedemo/37bc0983-7895-4a72-b5c9-37e2944cbb6b_1.819eea953e430f27a079255a14d177e6.jpeg?odnWidth=180&odnHeight=180&odnBg=ffffff;https://s3-eu-west-1.amazonaws.com/forestadmin-test/livedemo/37bc0983-7895-4a72-b5c9-37e2944cbb6b_1.819eea953e430f27a079255a14d177e6.jpeg?odnWidth=180&odnHeight=180&odnBg=ffffff
Marvel Black Panther Titan Hero Series 12-inch Erik Killmonger;https://s3-eu-west-1.amazonaws.com/forestadmin-test/livedemo/5f93e501-0aa3-4d9f-9ae4-294dee92960e_1.846b729627c416b72c0b5f6fc45430c2.jpeg?odnWidth=180&odnHeight=180&odnBg=ffffff;https://s3-eu-west-1.amazonaws.com/forestadmin-test/livedemo/5f93e501-0aa3-4d9f-9ae4-294dee92960e_1.846b729627c416b72c0b5f6fc45430c2.jpeg?odnWidth=180&odnHeight=180&odnBg=ffffff
"Marvel Avengers Legends Series Black Panther 6"" Action Figure";https://s3-eu-west-1.amazonaws.com/forestadmin-test/livedemo/548c0c06-5a77-4c60-8227-db3b42bfed45_2.1c43996a0725386251e1e8653f765796.jpeg?odnWidth=180&odnHeight=180&odnBg=ffffff;https://s3-eu-west-1.amazonaws.com/forestadmin-test/livedemo/548c0c06-5a77-4c60-8227-db3b42bfed45_2.1c43996a0725386251e1e8653f765796.jpeg?odnWidth=180&odnHeight=180&odnBg=ffffff
Funko Dorbz: Marvel, Carnage Walmart Exclusive;https://s3-eu-west-1.amazonaws.com/forestadmin-test/livedemo/7934d54f-a8f0-4297-84be-898ae2ccc401_1.4daa39bae97df3c1e5c13cf60b0e97e4.jpeg?odnWidth=180&odnHeight=180&odnBg=ffffff;https://s3-eu-west-1.amazonaws.com/forestadmin-test/livedemo/7934d54f-a8f0-4297-84be-898ae2ccc401_1.4daa39bae97df3c1e5c13cf60b0e97e4.jpeg?odnWidth=180&odnHeight=180&odnBg=ffffff
Star Wars The Black Series 3.75-Inch Han Solo;https://s3-eu-west-1.amazonaws.com/forestadmin-test/livedemo/728455e6-2c55-46ea-9a87-84a75f431d03_1.9f63a6a790447cd447a69806673109b5.jpeg?odnWidth=180&odnHeight=180&odnBg=ffffff;https://s3-eu-west-1.amazonaws.com/forestadmin-test/livedemo/728455e6-2c55-46ea-9a87-84a75f431d03_1.9f63a6a790447cd447a69806673109b5.jpeg?odnWidth=180&odnHeight=180&odnBg=ffffff
Star Wars Black Series Return of the Jedi Lando Calrissian;https://s3-eu-west-1.amazonaws.com/forestadmin-test/livedemo/2af43322-2560-4e8d-8adb-e0790e25d268_1.4b73b0daeb6c4e30f411f6164123071d.jpeg?odnWidth=180&odnHeight=180&odnBg=ffffff;https://s3-eu-west-1.amazonaws.com/forestadmin-test/livedemo/2af43322-2560-4e8d-8adb-e0790e25d268_1.4b73b0daeb6c4e30f411f6164123071d.jpeg?odnWidth=180&odnHeight=180&odnBg=ffffff
"Despicable Me 3 Minions 5"" Plush Buddy Jail Time Tom";https://s3-eu-west-1.amazonaws.com/forestadmin-test/livedemo/1b19ce68-02bf-4b3b-b8c4-718feacb18d7_1.a059e22f0b8bf2a2ef0f5465f287673b.jpeg?odnWidth=180&odnHeight=180&odnBg=ffffff;https://s3-eu-west-1.amazonaws.com/forestadmin-test/livedemo/1b19ce68-02bf-4b3b-b8c4-718feacb18d7_1.a059e22f0b8bf2a2ef0f5465f287673b.jpeg?odnWidth=180&odnHeight=180&odnBg=ffffff
Mario Bros U Plush Monty Mole;https://s3-eu-west-1.amazonaws.com/forestadmin-test/livedemo/2541c3fe-e08e-46f2-853d-480dc29fc409_1.b670b77a7ab435a2d968401fab576a03.jpeg?odnWidth=180&odnHeight=180&odnBg=ffffff;https://s3-eu-west-1.amazonaws.com/forestadmin-test/livedemo/2541c3fe-e08e-46f2-853d-480dc29fc409_1.b670b77a7ab435a2d968401fab576a03.jpeg?odnWidth=180&odnHeight=180&odnBg=ffffff
"Star Wars The Black Series 3.75"" Kylo Ren";https://s3-eu-west-1.amazonaws.com/forestadmin-test/livedemo/5419c5e8-aaf3-4268-814f-4cd1e288e370_1.faedf2805c9351f307c853b9ecfe7d0c.jpeg?odnWidth=180&odnHeight=180&odnBg=ffffff;https://s3-eu-west-1.amazonaws.com/forestadmin-test/livedemo/5419c5e8-aaf3-4268-814f-4cd1e288e370_1.faedf2805c9351f307c853b9ecfe7d0c.jpeg?odnWidth=180&odnHeight=180&odnBg=ffffff
Funko Rock Candy: DC Harley Quinn Black and White Walmart Exclusive;https://s3-eu-west-1.amazonaws.com/forestadmin-test/livedemo/47145928-0399-458d-8858-8bb5876651ac_1.a66135632c41e789f691d669345e4441.jpeg?odnWidth=180&odnHeight=180&odnBg=ffffff;https://s3-eu-west-1.amazonaws.com/forestadmin-test/livedemo/47145928-0399-458d-8858-8bb5876651ac_1.a66135632c41e789f691d669345e4441.jpeg?odnWidth=180&odnHeight=180&odnBg=ffffff
"Star Wars Black Series 3.75"" Ponda Baba";https://s3-eu-west-1.amazonaws.com/forestadmin-test/livedemo/419ff829-97ac-4ded-97c5-938335cdeee4_1.b74de63456904a8c116e3c1ccc3cb104.jpeg?odnWidth=180&odnHeight=180&odnBg=ffffff;https://s3-eu-west-1.amazonaws.com/forestadmin-test/livedemo/419ff829-97ac-4ded-97c5-938335cdeee4_1.b74de63456904a8c116e3c1ccc3cb104.jpeg?odnWidth=180&odnHeight=180&odnBg=ffffff
Imaginext Power Rangers Headquarters;https://s3-eu-west-1.amazonaws.com/forestadmin-test/livedemo/7d246d7c-9839-4f8c-a495-33a070e643e9_1.b43d318b9eed30625140a7cef3a10075.jpeg?odnWidth=180&odnHeight=180&odnBg=ffffff;https://s3-eu-west-1.amazonaws.com/forestadmin-test/livedemo/7d246d7c-9839-4f8c-a495-33a070e643e9_1.b43d318b9eed30625140a7cef3a10075.jpeg?odnWidth=180&odnHeight=180&odnBg=ffffff
"Star Wars Black Series 3.75"" Tusken Raider";https://s3-eu-west-1.amazonaws.com/forestadmin-test/livedemo/05b51494-202c-45b6-9bc0-376bc9305681_1.cadf8dba86b3867cdfa3190e0ea6e160.jpeg?odnWidth=180&odnHeight=180&odnBg=ffffff;https://s3-eu-west-1.amazonaws.com/forestadmin-test/livedemo/05b51494-202c-45b6-9bc0-376bc9305681_1.cadf8dba86b3867cdfa3190e0ea6e160.jpeg?odnWidth=180&odnHeight=180&odnBg=ffffff
Barbie Doll, Black Dress;https://s3-eu-west-1.amazonaws.com/forestadmin-test/livedemo/a7cd8bb4-6685-4663-a3d1-1f498289662d_1.7d20749ba9ff3638ba9a0d27ad1d1884.jpeg?odnWidth=180&odnHeight=180&odnBg=ffffff;https://s3-eu-west-1.amazonaws.com/forestadmin-test/livedemo/a7cd8bb4-6685-4663-a3d1-1f498289662d_1.7d20749ba9ff3638ba9a0d27ad1d1884.jpeg?odnWidth=180&odnHeight=180&odnBg=ffffff
Star Wars Black Series Rogue One Jyn Erso;https://s3-eu-west-1.amazonaws.com/forestadmin-test/livedemo/3e77ff35-b12c-4753-9513-0a63705bc02d_1.c516f0e26a03d80e063261deabad4e51.jpeg?odnWidth=180&odnHeight=180&odnBg=ffffff;https://s3-eu-west-1.amazonaws.com/forestadmin-test/livedemo/3e77ff35-b12c-4753-9513-0a63705bc02d_1.c516f0e26a03d80e063261deabad4e51.jpeg?odnWidth=180&odnHeight=180&odnBg=ffffff
Paw Patrol Snow Rescue - Arctic Pups Action Pack Gift Set - Walmart Exclusive;https://s3-eu-west-1.amazonaws.com/forestadmin-test/livedemo/1641ced3-c6c4-44be-94b3-fcec3b8b2a02_1.6f71f009f71abfa1cfee17d31027785a.jpeg?odnWidth=180&odnHeight=180&odnBg=ffffff;https://s3-eu-west-1.amazonaws.com/forestadmin-test/livedemo/1641ced3-c6c4-44be-94b3-fcec3b8b2a02_1.6f71f009f71abfa1cfee17d31027785a.jpeg?odnWidth=180&odnHeight=180&odnBg=ffffff
Star Wars Black Series Return of the Jedi Admiral Ackbar;https://s3-eu-west-1.amazonaws.com/forestadmin-test/livedemo/75d99eee-6393-4cf5-b2ec-1aa8248f27e0_1.2359165812252b88a74cd90b7de3c97f.jpeg?odnWidth=180&odnHeight=180&odnBg=ffffff;https://s3-eu-west-1.amazonaws.com/forestadmin-test/livedemo/75d99eee-6393-4cf5-b2ec-1aa8248f27e0_1.2359165812252b88a74cd90b7de3c97f.jpeg?odnWidth=180&odnHeight=180&odnBg=ffffff
Star Wars Rogue One Scarif Stormtrooper and Moroff Deluxe Pack;https://s3-eu-west-1.amazonaws.com/forestadmin-test/livedemo/5bd3c661-813a-4001-b9bb-097e553b1440_1.495211793c61c3c3b590f8564980316d.jpeg?odnWidth=180&odnHeight=180&odnBg=ffffff;https://s3-eu-west-1.amazonaws.com/forestadmin-test/livedemo/5bd3c661-813a-4001-b9bb-097e553b1440_1.495211793c61c3c3b590f8564980316d.jpeg?odnWidth=180&odnHeight=180&odnBg=ffffff
Kids Toy Walking T-Rex Dinosaur Toy Figure With Lights & Sounds, Real Movement;https://s3-eu-west-1.amazonaws.com/forestadmin-test/livedemo/c9e3d714-d4cd-4c88-b494-ad82fc85ff53_1.097bd9f5c5d53ec968eb2806bdf36f40.jpeg?odnWidth=180&odnHeight=180&odnBg=ffffff;https://s3-eu-west-1.amazonaws.com/forestadmin-test/livedemo/c9e3d714-d4cd-4c88-b494-ad82fc85ff53_1.097bd9f5c5d53ec968eb2806bdf36f40.jpeg?odnWidth=180&odnHeight=180&odnBg=ffffff
WWE Raw Main Event Ring;https://s3-eu-west-1.amazonaws.com/forestadmin-test/livedemo/563ba2b5-ff74-4656-9ca4-dd5fcf30a555_1.15b9c1c3ed9ee17a009217e3d1263c70.jpeg?odnWidth=180&odnHeight=180&odnBg=ffffff;https://s3-eu-west-1.amazonaws.com/forestadmin-test/livedemo/563ba2b5-ff74-4656-9ca4-dd5fcf30a555_1.15b9c1c3ed9ee17a009217e3d1263c70.jpeg?odnWidth=180&odnHeight=180&odnBg=ffffff
Star Wars: Rogue One TIE Striker;https://s3-eu-west-1.amazonaws.com/forestadmin-test/livedemo/689cf09b-83a0-4deb-988b-27f32158e917_1.3aa61b7c806f11dc9d611c6988f9471e.jpeg?odnWidth=180&odnHeight=180&odnBg=ffffff;https://s3-eu-west-1.amazonaws.com/forestadmin-test/livedemo/689cf09b-83a0-4deb-988b-27f32158e917_1.3aa61b7c806f11dc9d611c6988f9471e.jpeg?odnWidth=180&odnHeight=180&odnBg=ffffff
Paw Patrol Action Pack Pups Figure Set, 3-Pack, Marshall/Ryder/Chase;https://s3-eu-west-1.amazonaws.com/forestadmin-test/livedemo/3e5d0fb4-9bdf-4ff0-a807-a39ad0ef1bd1_1.c02372baf09bc0e651fac58acc9baedd.jpeg?odnWidth=180&odnHeight=180&odnBg=ffffff;https://s3-eu-west-1.amazonaws.com/forestadmin-test/livedemo/3e5d0fb4-9bdf-4ff0-a807-a39ad0ef1bd1_1.c02372baf09bc0e651fac58acc9baedd.jpeg?odnWidth=180&odnHeight=180&odnBg=ffffff
Imaginext DC Super Friends RC Transforming Batbot;https://s3-eu-west-1.amazonaws.com/forestadmin-test/livedemo/68550d72-85d5-47bc-a35b-e24029815d71_1.d04ef319a0af7762207fbfb4e022f01c.jpeg?odnWidth=180&odnHeight=180&odnBg=ffffff;https://s3-eu-west-1.amazonaws.com/forestadmin-test/livedemo/68550d72-85d5-47bc-a35b-e24029815d71_1.d04ef319a0af7762207fbfb4e022f01c.jpeg?odnWidth=180&odnHeight=180&odnBg=ffffff
Playskool Heroes Transformers Rescue Bots Griffin Rock Rescue Team;https://s3-eu-west-1.amazonaws.com/forestadmin-test/livedemo/9f1da91c-6e70-45bd-809c-358a172dab68_1.cb4be289caffd38700a3f91055d0d0b6.jpeg?odnWidth=180&odnHeight=180&odnBg=ffffff;https://s3-eu-west-1.amazonaws.com/forestadmin-test/livedemo/9f1da91c-6e70-45bd-809c-358a172dab68_1.cb4be289caffd38700a3f91055d0d0b6.jpeg?odnWidth=180&odnHeight=180&odnBg=ffffff
Marvel Guardians of the Galaxy Groot: Ravager Outfit;https://s3-eu-west-1.amazonaws.com/forestadmin-test/livedemo/67929ce1-bab1-4f54-b5af-e6df9b44642b_1.1020cd3b8c2bd4c5128e421103ad3ddc.jpeg?odnWidth=180&odnHeight=180&odnBg=ffffff;https://s3-eu-west-1.amazonaws.com/forestadmin-test/livedemo/67929ce1-bab1-4f54-b5af-e6df9b44642b_1.1020cd3b8c2bd4c5128e421103ad3ddc.jpeg?odnWidth=180&odnHeight=180&odnBg=ffffff
Marvel Legends Series Comic 2-Pack Supreme Powers;https://s3-eu-west-1.amazonaws.com/forestadmin-test/livedemo/da64b799-a87e-4b34-9e69-a11e76172316_1.b874913de5f4b1051c7c40f238b0e452.jpeg?odnWidth=180&odnHeight=180&odnBg=ffffff;https://s3-eu-west-1.amazonaws.com/forestadmin-test/livedemo/da64b799-a87e-4b34-9e69-a11e76172316_1.b874913de5f4b1051c7c40f238b0e452.jpeg?odnWidth=180&odnHeight=180&odnBg=ffffff
Transformers Rescue Bots Flip Racers Optimus Prime Race Track Trailer;https://s3-eu-west-1.amazonaws.com/forestadmin-test/livedemo/61b3a903-2223-43aa-ab25-33d96efacf63_1.04dee41a74e76b1c5c77b86890424182.jpeg?odnWidth=180&odnHeight=180&odnBg=ffffff;https://s3-eu-west-1.amazonaws.com/forestadmin-test/livedemo/61b3a903-2223-43aa-ab25-33d96efacf63_1.04dee41a74e76b1c5c77b86890424182.jpeg?odnWidth=180&odnHeight=180&odnBg=ffffff
;;