Certified Pre-Owned Apple iPhone 6 Smartphone (Unlocked);//s3-eu-west-1.amazonaws.com/forestadmin-test/livedemo/51519493-2123-4e2d-a0e1-81c4d695c998_1.84bd3141e5569fee4f1b5ed60659798a.jpeg?odnWidth=180&odnHeight=180&odnBg=ffffff
Samsung Galaxy Note 4 N910V 32GB Verizon + Unlocked GSM 4G LTE Phone - White (Refurbished);//s3-eu-west-1.amazonaws.com/forestadmin-test/livedemo/c54a9085-7364-40b6-beb9-d7ba50761ce3_1.9d932b60ce9cea7d3bf58f7170db9be8.jpeg?odnWidth=180&odnHeight=180&odnBg=ffffff
Apple iPhone 6 16GB Unlocked GSM Phone w/ 8MP Camera - Space Gray(Refurbished);//s3-eu-west-1.amazonaws.com/forestadmin-test/livedemo/cd0c82e0-e052-44ec-8475-5d5e9523c09c_1.7ba98584a80d154975e93b0d266c619f.jpeg?odnWidth=180&odnHeight=180&odnBg=ffffff
Samsung Galaxy S5 G900A 16GB Unlocked GSM Phone w/ 16MP Camera - Blue (Certified Refurbished);//s3-eu-west-1.amazonaws.com/forestadmin-test/livedemo/7fa18302-140e-45c3-aff9-997a9495602c_1.6390dc0014d82fa14f936e6bca71b59e.jpeg?odnWidth=180&odnHeight=180&odnBg=ffffff
Samsung Galaxy Mega 2 G750A 16GB AT&T Unlocked 4G LTE Android Phone w/ 8MP Camera - Black;//s3-eu-west-1.amazonaws.com/forestadmin-test/livedemo/062058ae-7ea8-4e41-ab41-cdf934222b47_1.0e60faffa7b8b122713c385930351b36.jpeg?odnWidth=180&odnHeight=180&odnBg=ffffff
LG G5 H820 32GB Unlocked GSM 4G LTE Quad-Core Phone w/ Dual 16MP & 8MP Camera - Gold;//s3-eu-west-1.amazonaws.com/forestadmin-test/livedemo/a3451c74-ff36-40da-badf-9c2e19940f1c_1.a50307e2ad9b4d6b754e83c789f4c96a.jpeg?odnWidth=180&odnHeight=180&odnBg=ffffff
LG V20 64GB H910A Unlocked GSM 4G LTE Quad-Core Phone w/ Dual Rear Camera (16MP+8MP) - Titan (Certified Refurbished);//s3-eu-west-1.amazonaws.com/forestadmin-test/livedemo/ead1f1fd-6958-46ea-b351-4da6b26b3028_1.49e3a54839f3b2e99446ec7a0dd0a889.jpeg?odnWidth=180&odnHeight=180&odnBg=ffffff
Samsung Galaxy S8 64GB (Unlocked) - Midnight Black;//s3-eu-west-1.amazonaws.com/forestadmin-test/livedemo/b2addde7-d301-44ca-8768-27d78f453e62_1.e9ecfa6b087df1fb06a082175745006d.jpeg?odnWidth=180&odnHeight=180&odnBg=ffffff
Apple iPhone 7 128GB Unlocked GSM Quad-Core Phone w/ 12MP Camera - Jet Black Refurbished;//s3-eu-west-1.amazonaws.com/forestadmin-test/livedemo/76b04af9-e452-4ff8-9448-cbdf8408f91e_1.d12521887beaab666a6809bac4976e44.jpeg?odnWidth=180&odnHeight=180&odnBg=ffffff
Refurbished Apple iPhone 5c 8GB Factory Unlocked GSM Cell Phone - Blue;//s3-eu-west-1.amazonaws.com/forestadmin-test/livedemo/b63a23c6-bd0f-4369-af20-6004bddfb8cd_1.0ff15bda2c7710c52e650ea318f8aae9.jpeg?odnWidth=180&odnHeight=180&odnBg=ffffff
Refurbished LG K10 K425 16GB (AT&T) GSM Unlocked Android Smartphone, Blue;//s3-eu-west-1.amazonaws.com/forestadmin-test/livedemo/18c5889a-ff01-46ba-b246-a35c2749f10e_1.88e5d46c5a0f84252afc155ab0fa84e8.jpeg?odnWidth=180&odnHeight=180&odnBg=ffffff
Apple iPhone 6 Plus 128GB Unlocked GSM Phone w/ 8MP Camera - Space Gray (Refurbished);//s3-eu-west-1.amazonaws.com/forestadmin-test/livedemo/9ce291fa-322e-4439-9246-a20c74c33e6e_1.8638933623f530c57884fa80996d6ae5.jpeg?odnWidth=180&odnHeight=180&odnBg=ffffff
BLU Grand M G070Q Unlocked GSM Quad-Core Dual-SIM Phone - Gold (Certified Refurbished);//s3-eu-west-1.amazonaws.com/forestadmin-test/livedemo/159eb1c6-85b0-4172-b534-3bb16285a77e_1.df0f1757e5e1098ce86c6817db6cdb2d.jpeg?odnWidth=180&odnHeight=180&odnBg=ffffff
LG G3 D850 32GB AT&T Unlocked GSM 4G LTE Quad-Core Phone w/13MP Camera & True HD-IPS Display - Silk White;//s3-eu-west-1.amazonaws.com/forestadmin-test/livedemo/dc2a1863-0042-4dd3-8dce-7afbf011b805_1.a55577fe0b1b1f1324033c10806e5395.jpeg?odnWidth=180&odnHeight=180&odnBg=ffffff
Apple iPhone 6s Plus 16GB Unlocked GSM 4G LTE 12MP Cell Phone - Gold (Refurbished);//s3-eu-west-1.amazonaws.com/forestadmin-test/livedemo/8d6eca48-c342-49f3-be36-284c5b98cc58_1.d335ab5defb0955ee99e13c4f0ff026c.jpeg?odnWidth=180&odnHeight=180&odnBg=ffffff
Apple iPhone 5 16GB Unlocked GSM/Verizon CDMA LTE Refurbished Phone - Black (Refurbished);//s3-eu-west-1.amazonaws.com/forestadmin-test/livedemo/603d0c08-839a-439a-a2ab-e5a72c3986d8_1.4c43763485a10cba8640f34cde13cbd1.jpeg?odnWidth=180&odnHeight=180&odnBg=ffffff
Apple iPhone 6 16GB Unlocked GSM Phone w/ 8MP Camera - Silver (Certified Refurbished);//s3-eu-west-1.amazonaws.com/forestadmin-test/livedemo/85ef4895-8949-4d02-a205-82439260c979_1.164cd411ce171a459654a27cf4eba0c1.jpeg?odnWidth=180&odnHeight=180&odnBg=ffffff
Apple iPhone 6s 64GB Unlocked GSM 4G LTE Dual-Core Phone w/ 12MP Camera - Gold (Certified Refurbished);//s3-eu-west-1.amazonaws.com/forestadmin-test/livedemo/a53507ab-106c-4057-bd76-c06330298158_1.cb3d0441c4b2a943d18997fbaf26379b.jpeg?odnWidth=180&odnHeight=180&odnBg=ffffff
Samsung Galaxy S7 Edge G935FD 32GB Unlocked GSM 4G LTE Quad-Core Android Phone w/ 12MP Camera - Silver;//s3-eu-west-1.amazonaws.com/forestadmin-test/livedemo/63a2d350-e44f-4750-83b3-254b4ed7aef7_1.1a51aab235e4423330364bef90098a7e.jpeg?odnWidth=180&odnHeight=180&odnBg=ffffff
Refurbished Apple iPhone 6 64GB GSM Smartphone (Unlocked);//s3-eu-west-1.amazonaws.com/forestadmin-test/livedemo/cfc3b241-7204-46aa-a169-3bf52811e514_1.19e8ca95fac3d1d3a2f5057812a6c5b8.jpeg?odnWidth=180&odnHeight=180&odnBg=ffffff
BLU Life Max L0110UU 16GB Unlocked GSM 4G LTE Quad-Core Phone w/ 8MP Camera - Blue;//s3-eu-west-1.amazonaws.com/forestadmin-test/livedemo/e041c8bd-744b-4ed9-979c-6667c65fed5a_1.dcedf79a2fe09b5da46796dd37e2bf8c.jpeg?odnWidth=180&odnHeight=180&odnBg=ffffff
Motorola Moto G4 32GB Unlocked Smartphone, Black;//s3-eu-west-1.amazonaws.com/forestadmin-test/livedemo/a0cdf727-4c22-4bc8-9457-e654035c727f_1.0b52a7adb2aec3c7d66111291e79da4a.jpeg?odnWidth=180&odnHeight=180&odnBg=ffffff
Samsung Galaxy S8 G950F 64GB Unlocked GSM Phone w/ 12MP Camera - Maple Gold;//s3-eu-west-1.amazonaws.com/forestadmin-test/livedemo/5e23f293-6308-41a1-bf42-98b665833428_1.6d8ee0ffed66d0fd985259f98713b733.jpeg?odnWidth=180&odnHeight=180&odnBg=ffffff
Motorola Moto G5 Plus 32GB Unlocked Smartphone, Fine Gold;//s3-eu-west-1.amazonaws.com/forestadmin-test/livedemo/d29520e1-43f8-4bcf-b71e-4337aeb50c96_4.5b257f3de9a6256af47b3173d4397312.jpeg?odnWidth=180&odnHeight=180&odnBg=ffffff
LG G5 H830 32GB Unlocked GSM Phone w/ Dual 16MP & 8MP Camera - Silver;//s3-eu-west-1.amazonaws.com/forestadmin-test/livedemo/6f18789d-ae7b-486b-bff1-7a1944d28738_1.0cb9687cb9352eb304dc1da41242f0e4.jpeg?odnWidth=180&odnHeight=180&odnBg=ffffff
Apple iPhone 5s 16GB Unlocked GSM 4G LTE Dual-Core Phone w/ 8MP Camera - Gold (Refurbished);//s3-eu-west-1.amazonaws.com/forestadmin-test/livedemo/c19f4825-86dc-4fb8-bad7-7f38d6def43f_1.70c8066e2aba39bdf278d7a6520c3964.jpeg?odnWidth=180&odnHeight=180&odnBg=ffffff
HUAWEI Ascend Mate 2 MT2-L03 16GB Unlocked GSM 4G LTE Android Phone - Black;//s3-eu-west-1.amazonaws.com/forestadmin-test/livedemo/38253025-698f-4281-b3a1-46209891af1c_1.f1b16df1f2b00637f443ddabe7a7e52d.jpeg?odnWidth=180&odnHeight=180&odnBg=ffffff
Samsung Galaxy S7 Edge 32GB No Plan - Unlocked Smartphone, Gold;//s3-eu-west-1.amazonaws.com/forestadmin-test/livedemo/4af6035b-a50f-4479-892b-9f985fa8870b_1.b912983fe5de13e2a49538d88c6a8455.jpeg?odnWidth=180&odnHeight=180&odnBg=ffffff
BLU Studio XL2 S0270UU 16GB Unlocked GSM 4G LTE Quad-Core Phone w/ 13MP Camera - Black (Certified Refurbished);//s3-eu-west-1.amazonaws.com/forestadmin-test/livedemo/53d38332-3c98-4bc0-a022-3fcc7ed17cec_1.3137ef9c76b8d0156bb4f0c0b87c0733.jpeg?odnWidth=180&odnHeight=180&odnBg=ffffff
Samsung Galaxy S6 G920V 32GB Verizon - Black (Refurbished);//s3-eu-west-1.amazonaws.com/forestadmin-test/livedemo/21a59644-aa45-406c-a5c9-a3a6404d2311_1.c6b3f4d47f7361e5a608eddea7a8fa2f.jpeg?odnWidth=180&odnHeight=180&odnBg=ffffff
Apple iPhone 6 Plus 16GB GSM Unlocked IOS Smartphone - Space Gray B-Grade Refurbished;//s3-eu-west-1.amazonaws.com/forestadmin-test/livedemo/9ce291fa-322e-4439-9246-a20c74c33e6e_1.8638933623f530c57884fa80996d6ae5.jpeg?odnWidth=180&odnHeight=180&odnBg=ffffff
Unlocked GSM Apple iPhone 7 128GB, Rose Gold;//s3-eu-west-1.amazonaws.com/forestadmin-test/livedemo/daa60b5d-09a6-4fe3-8f80-33567b4555c7_1.7075a7723a554b27e7d12d92ae24bb5a.jpeg?odnWidth=180&odnHeight=180&odnBg=ffffff
Refurbished Apple iPhone 6 16GB GSM Smartphone (Unlocked);//s3-eu-west-1.amazonaws.com/forestadmin-test/livedemo/d61cfc07-d87b-4d1c-8390-1a6387ee573c_1.19e8ca95fac3d1d3a2f5057812a6c5b8.jpeg?odnWidth=180&odnHeight=180&odnBg=ffffff
Motorola Moto G5S Plus 32GB Unlocked Smartphone, Blush Gold;//s3-eu-west-1.amazonaws.com/forestadmin-test/livedemo/54b485a2-8fd8-4261-9d30-2818bc3503b2_1.09be125f7e716703b0a2159643cfd718.jpeg?odnWidth=180&odnHeight=180&odnBg=ffffff
Refurbished Apple iPhone 6S 64GB GSM Smartphone (Unlocked);//s3-eu-west-1.amazonaws.com/forestadmin-test/livedemo/8a28735f-bdd9-4625-99b9-78516110a722_1.fa5b30f5bbdabf31bf7d670e74616b83.jpeg?odnWidth=180&odnHeight=180&odnBg=ffffff
BLU Vivo XL2 V0070UU 32GB Unlocked GSM LTE Quad-Core Dual-SIM Phone - Gold;//s3-eu-west-1.amazonaws.com/forestadmin-test/livedemo/93f3a618-d4ef-4cfc-ba43-da4f533cff09_1.1b5eb5167e6ea819fad4ce49356ab7b0.jpeg?odnWidth=180&odnHeight=180&odnBg=ffffff
Motorola Moto X4 32GB Unlocked Smartphone, Sterling Blue;//s3-eu-west-1.amazonaws.com/forestadmin-test/livedemo/c7f086df-7ec4-4066-ba52-1ae24d3e3f09_1.7797230bea9f714432a84ef976b508f0.jpeg?odnWidth=180&odnHeight=180&odnBg=ffffff
Galaxy Note8 64GB (Unlocked), Orchid Gray;//s3-eu-west-1.amazonaws.com/forestadmin-test/livedemo/a3194520-2b58-4a92-b69f-b7b27a3131fb_1.c4485d9d422a22491f9c61b27d28728a.jpeg?odnWidth=180&odnHeight=180&odnBg=ffffff
LG G6 32GB Unlocked Smartphone, Black;//s3-eu-west-1.amazonaws.com/forestadmin-test/livedemo/2ec7c286-4f1d-44b6-8211-8b2e130ca567_3.c48bc66a79da45d5d82c50923208c976.jpeg?odnWidth=180&odnHeight=180&odnBg=ffffff
Motorola Moto E Plus 32GB Unlocked Smartphone, Fine Gold;//s3-eu-west-1.amazonaws.com/forestadmin-test/livedemo/bf4a1af9-8010-483b-b343-d91214f0b402_1.f2d7ab3a76324261edc58d2fd4fc4cfb.jpeg?odnWidth=180&odnHeight=180&odnBg=ffffff