Terra & Sky Women's Plus Roll Tab 2 Pocket Shirt Dress;//s3-eu-west-1.amazonaws.com/forestadmin-test/livedemo/bc2ee02a-8d10-4efa-a193-4d5399152cbd_1.23ff9b12b446fcf88fba4212338f375a.jpeg?odnWidth=180&odnHeight=180&odnBg=ffffff
Paper Doll Women's Plus Sleeveless Floral Print Faux Wrap Dress;//s3-eu-west-1.amazonaws.com/forestadmin-test/livedemo/e2a73577-4db5-49de-ac33-de41dc5eccf8_1.33a41c3968f597cf3988d21b6a5d5dab.jpeg?odnWidth=180&odnHeight=180&odnBg=ffffff
Moral Fiber Women's Plus Long Sleeve Lace Detail Ruffle Cold Shoulder;//s3-eu-west-1.amazonaws.com/forestadmin-test/livedemo/fe0eea7c-4f0d-458a-8ebd-31975a44f344_1.b500b4cbf5073dd717ba448bbfb0b7d1.jpeg?odnWidth=180&odnHeight=180&odnBg=ffffff
Whoa, Wait Women's Plus Maxi Slip Dress - Size 4X;//s3-eu-west-1.amazonaws.com/forestadmin-test/livedemo/eaa4a143-8a95-4be3-80aa-00feafb3172c_1.7c5d3a9afe89f8f9f5b8f1f8c0988741.jpeg?odnWidth=180&odnHeight=180&odnBg=ffffff
Nlife Fashion Summer Plus Size Loose Short Sleeves Lace Hollow A Style Dress;//s3-eu-west-1.amazonaws.com/forestadmin-test/livedemo/af25a409-711d-4c1e-9173-8a2150465599_1.ec1fa11d8ad7ccc515941711a14295c9.jpeg?odnWidth=180&odnHeight=180&odnBg=ffffff
Poof Juniors' Plus Varsity Striped Sweatshirt Dress;//s3-eu-west-1.amazonaws.com/forestadmin-test/livedemo/6ee1870f-239e-4895-937b-d656a1137cef_1.b9e71ecd5522fa9ec53aa45f1f533313.jpeg?odnWidth=180&odnHeight=180&odnBg=ffffff
5XL Plus Size Women Gradient Print Knee Dress;//s3-eu-west-1.amazonaws.com/forestadmin-test/livedemo/15582450-1b5f-4622-9bdc-4d6b27d7d4b4_1.1d46d6a5011774618ea4fa6fa8f4c75b.jpeg?odnWidth=180&odnHeight=180&odnBg=ffffff
Paper Doll Women's Plus Long Sleeve Chevron Shift Dress;//s3-eu-west-1.amazonaws.com/forestadmin-test/livedemo/9b1d3498-94a9-41e6-997d-3a310558da56_1.b8136a3e5508668d75caee2ef9a53802.jpeg?odnWidth=180&odnHeight=180&odnBg=ffffff
Paperdoll Women's Plus Sleeveless Wrap Dress With Ruffle Trim;//s3-eu-west-1.amazonaws.com/forestadmin-test/livedemo/fdad1ec8-5b87-488f-91bc-4efe36ef3536_1.ba0aaa39fe80c0d7c016a0cea8dbcb39.jpeg?odnWidth=180&odnHeight=180&odnBg=ffffff
Ella Samani Women's Plus Long Sleeve Slinky Knot Front Dress;//s3-eu-west-1.amazonaws.com/forestadmin-test/livedemo/14716fcf-4ca1-456f-a068-b50b99e66055_1.e8002be44c2a65a805e57b6d009b6703.jpeg?odnWidth=180&odnHeight=180&odnBg=ffffff
Paper Doll Women's Plus Elbow Sleeve Floral Print Bodycon Dress With Lace Yoke;//s3-eu-west-1.amazonaws.com/forestadmin-test/livedemo/8d8c4965-d353-492a-a16f-429f51c204f9_1.fba31459a8a257f86188f2f0ffd0473e.jpeg?odnWidth=180&odnHeight=180&odnBg=ffffff
Women's Plus Embroidered Mesh Cocktail Dress With Ruched Skirt;//s3-eu-west-1.amazonaws.com/forestadmin-test/livedemo/080266ac-d6a7-44fd-a1ca-7de310d4456e_1.4055bf3641e9ac7d0e30925c342c843c.jpeg?odnWidth=180&odnHeight=180&odnBg=ffffff
Poof Junior's Plus Sleevless Floral Print Flowy Dress;//s3-eu-west-1.amazonaws.com/forestadmin-test/livedemo/aaf20c3c-6333-4b57-90ae-eea7b48d5169_1.4d96073a71ee167f0204b7bf6b4c8b6e.jpeg?odnWidth=180&odnHeight=180&odnBg=ffffff
Summer Sleeveless Solid Color Bench Black Irregular Dress;//s3-eu-west-1.amazonaws.com/forestadmin-test/livedemo/7a56216c-5a59-4c59-bb2a-1ccc5a4bb88a_1.e8dd579f6e1cbd08a3b5197df6b91576.jpeg?odnWidth=180&odnHeight=180&odnBg=ffffff
Whoa, Wait Women's Plus Off the Shoulder Dress with Tie Sleeves;//s3-eu-west-1.amazonaws.com/forestadmin-test/livedemo/c99f42b3-98d8-414e-ada9-c1e00376f531_1.bb09dea96e6122dac68813e105095afb.jpeg?odnWidth=180&odnHeight=180&odnBg=ffffff
Paper Tee Women'S Plus Lace Romper;//s3-eu-west-1.amazonaws.com/forestadmin-test/livedemo/cb6a998b-fcf0-4972-8db5-38c33e619548_1.6f76ceb098378ca70c2d547e1176d081.jpeg?odnWidth=180&odnHeight=180&odnBg=ffffff
Ella Samari Women's Plus Elbow Sleeve Lace Cocktail Dress with Ruched Sides;//s3-eu-west-1.amazonaws.com/forestadmin-test/livedemo/92846874-077c-4a4d-846f-9c704cacdcb7_1.84699e9fc501e100236adda87f95cf6c.jpeg?odnWidth=180&odnHeight=180&odnBg=ffffff
Plus Size S-XXXL Summer dress vestido women Sexy Sleeveless Casual Party Beach Sundress Short Mini Dress zanzea;//s3-eu-west-1.amazonaws.com/forestadmin-test/livedemo/0261b77d-3356-4cee-a04d-180a0d9163b9_1.a1f77a010d63692543f27a8ca390fdaf.jpeg?odnWidth=180&odnHeight=180&odnBg=ffffff
Cherokee Women's Plus Printed Dress with Cuffed Sleeves;//s3-eu-west-1.amazonaws.com/forestadmin-test/livedemo/e920b2a4-e993-433b-b258-d3f3962bedcf_1.3a983121c4b8e1da57c3295f1122dd32.jpeg?odnWidth=180&odnHeight=180&odnBg=ffffff
Women's Plus Size Long Loose Crewneck Pleated Casual Solid Dress;//s3-eu-west-1.amazonaws.com/forestadmin-test/livedemo/08bbd1ae-3155-4e4d-b684-3ff562249fc7_1.49204990fe39e76739d38b5b81003b8a.jpeg?odnWidth=180&odnHeight=180&odnBg=ffffff
ZANZEA Womens Jumpsuits Strap Dungaree Overalls Harem Jean;//s3-eu-west-1.amazonaws.com/forestadmin-test/livedemo/4796999d-dc49-42a6-8d66-986841aac76e_1.84056a7051d04d51f3cf15f3fedefb84.jpeg?odnWidth=180&odnHeight=180&odnBg=ffffff
Cherokee Women's Plus Woven Off Shoulder Dress with Tie Sleeves;//s3-eu-west-1.amazonaws.com/forestadmin-test/livedemo/89f6aa21-1e74-4f63-b302-7d2caf83b95d_1.cda183e81e8867ae859068c8f08d2f54.jpeg?odnWidth=180&odnHeight=180&odnBg=ffffff
Terra & Sky Women's Plus Roll Tab 2 Pocket Shirt Dress;//s3-eu-west-1.amazonaws.com/forestadmin-test/livedemo/bc2ee02a-8d10-4efa-a193-4d5399152cbd_1.23ff9b12b446fcf88fba4212338f375a.jpeg?odnWidth=180&odnHeight=180&odnBg=ffffff
Cherokee Women's Plus Sleeveless Woven Hankerchief Hem Dress;//s3-eu-west-1.amazonaws.com/forestadmin-test/livedemo/7472c895-b487-46d4-a57c-41f4b701ede4_1.61fcf2a93711aa5fab77760d25f5257c.jpeg?odnWidth=180&odnHeight=180&odnBg=ffffff
Paper Doll Women's Plus Sleeveless Surplice Printed Knit Jumpsuit;//s3-eu-west-1.amazonaws.com/forestadmin-test/livedemo/831c11d3-7cbd-4c17-acbc-e03badf6252c_1.d9a09549f3143f4650a2ea64094117a4.jpeg?odnWidth=180&odnHeight=180&odnBg=ffffff
Ella Samani Women's Plus Long Sleeve Wrap Knit Jumpsuit;//s3-eu-west-1.amazonaws.com/forestadmin-test/livedemo/2f0d1e52-7a8b-413e-b7fb-8eaeba88f18f_1.89a9538ddac30b3d6f09a64de7b5336f.jpeg?odnWidth=180&odnHeight=180&odnBg=ffffff
Terra & Sky Women's Plus Woven Lace Up Peasant Dress;//s3-eu-west-1.amazonaws.com/forestadmin-test/livedemo/df27ae85-b2e8-4123-a7d9-6007aebb91b1_1.1603c6c077f14ce7743470d990481c9a.jpeg?odnWidth=180&odnHeight=180&odnBg=ffffff
Cherokee Women's Plus Short Sleeve Woven Peasant Dress with Embroidery;//s3-eu-west-1.amazonaws.com/forestadmin-test/livedemo/5929decd-4637-4aeb-9eb1-619e8cf19581_1.fa5d9b435b58159ad1192c8544e78690.jpeg?odnWidth=180&odnHeight=180&odnBg=ffffff
Fashion Women Big Plus Size Dress Sexy Ladies V-neck Burgundy Bubble Skirt XL XXL 3XL 4XL 5XL Size12 16 18 20 22;//s3-eu-west-1.amazonaws.com/forestadmin-test/livedemo/cf2c50c4-e3c3-4981-ba2c-28b9444ea465_1.c4d47f737f2812d2793c8d3f584e7af2.jpeg?odnWidth=180&odnHeight=180&odnBg=ffffff
Paper Tee Women'S Plus Chiffon Bell Sleeve Dress W/ Crochet Detail;//s3-eu-west-1.amazonaws.com/forestadmin-test/livedemo/1fa5bdbc-a96c-447c-ae7d-681cfdbab15d_1.9f4a9e33b786c98498ee4c9ddd8038a2.jpeg?odnWidth=180&odnHeight=180&odnBg=ffffff
Paper Doll Women's Plus Sleeveless Ruffle V-Neck Bodycon Dress;//s3-eu-west-1.amazonaws.com/forestadmin-test/livedemo/c8798cc1-a558-4270-bb87-8e0a8001371d_1.9e88862e2700f79c63dd8976c946bbc9.jpeg?odnWidth=180&odnHeight=180&odnBg=ffffff
Paper Tee Women's Plus Long Sleeve Floral Dress with Ruffle Detail;//s3-eu-west-1.amazonaws.com/forestadmin-test/livedemo/889feec4-4ed6-44a6-9b37-eef7d01b89e4_1.368a73b9d956eccfd5d25f927f824ad5.jpeg?odnWidth=180&odnHeight=180&odnBg=ffffff
Paper Doll Women's Plus Long Sleeve Floral Wrap Maxi Dress;//s3-eu-west-1.amazonaws.com/forestadmin-test/livedemo/835e22bc-2b5a-4d50-b36e-817ad336ca32_1.09541c3205f32bf3bdb0b4d61672c074.jpeg?odnWidth=180&odnHeight=180&odnBg=ffffff
Moral Fiber Junior Plus Sleeveless Gigi Choker Bodycon W/ Lace Up Skirt;//s3-eu-west-1.amazonaws.com/forestadmin-test/livedemo/d36ab99b-644e-4f63-91c3-233b931e9b7f_1.3743364cfb3bead35452909f9f6a1f31.jpeg?odnWidth=180&odnHeight=180&odnBg=ffffff
Paper Tee Women'S Plus Shirt Dress W/ Floral Embroidery;//s3-eu-west-1.amazonaws.com/forestadmin-test/livedemo/bcff2e86-fd65-4e69-aa94-3d3ef6172e89_1.07177160f3ec6e5169da51a90ecb6645.jpeg?odnWidth=180&odnHeight=180&odnBg=ffffff
Hots-Wing Women's Plus Size Boho Printed Long Maxi Dress;//s3-eu-west-1.amazonaws.com/forestadmin-test/livedemo/60e0421f-a8ec-44fb-bf92-5ab50133a285_1.e319c9eca3b233c56802e874cb99324a.jpeg?odnWidth=180&odnHeight=180&odnBg=ffffff
Paper Doll Women's Plus Long Sleeve Washed Satin Jumpsuit;//s3-eu-west-1.amazonaws.com/forestadmin-test/livedemo/03a9527a-5bdb-4d6b-8386-da51ddbe68e7_1.46498f492f2d937376d280e83db96d92.jpeg?odnWidth=180&odnHeight=180&odnBg=ffffff
Paper Doll Women's Plus Cap Sleeve Dress With Lace Illusion;//s3-eu-west-1.amazonaws.com/forestadmin-test/livedemo/a4f48641-bd57-4677-afa5-faa6a70be082_1.2b3da86abc11e997dd4da8be02aefc6f.jpeg?odnWidth=180&odnHeight=180&odnBg=ffffff
Paper Tee Women's Plus Flutter Cold Shoulder Floral Wrap Maxi Dress;//s3-eu-west-1.amazonaws.com/forestadmin-test/livedemo/385cfb91-6174-4eb7-8e25-d98276274278_1.35cd82c59c43e222d0360281ffdea966.jpeg?odnWidth=180&odnHeight=180&odnBg=ffffff
White Mark Women's Plus Size Printed Jasmine Maxi Dress;//s3-eu-west-1.amazonaws.com/forestadmin-test/livedemo/4f930dad-1fe3-47e1-bee1-b42de55bf6a8_1.e49537fea790fe3d57d1d8fb60e03b0d.jpeg?odnWidth=180&odnHeight=180&odnBg=ffffff
24/7 Comfort Apparel Women's Plus Size T-shirt Dress;//s3-eu-west-1.amazonaws.com/forestadmin-test/livedemo/310ff15b-4c78-477f-9ffb-eb42ebd157c1_1.8a88ad7a4c64d2860851c129012095d7.jpeg?odnWidth=180&odnHeight=180&odnBg=ffffff